{"cameraMode":{"drawMode":0,"name":"Shaded","section":"Shading Mode"},"sceneLighting":true,"audioPlay":false,"sceneViewState":{"showFog":true,"showMaterialUpdate":false,"showSkybox":true,"showFlares":true,"showImageEffects":true,"showParticleSystems":true},"in2DMode":false,"pivot":{"x":410.8999938964844,"y":4.399999618530273,"z":459.79998779296877},"rotation":{"x":0.14078818261623383,"y":0.15427321195602418,"z":-0.022170372307300569,"w":0.977762758731842},"size":130.4576416015625,"orthographic":true}